﻿Title,Task ID,Parent Task ID,
This is a Task,1,0,
A Task can contain...,2,0,
  Subtasks,3,2,
  Which in turn can contain other ...,4,2,
    Subtasks,5,4,
This is a completed task,9,0,
  Subtasks,10,9,
Adding Comments to Tasks,15,0,
Colouring Tasks,13,0,
Categorizing Tasks,14,0,
"Likewise for the task's Status, Allocated to/by and Version fields",16,0,
Associated Files with Tasks,17,0,
Navigating the Tasklist,24,0,
Filtering Tasks,18,0,
Importing Tasks,19,0,
Exporting Tasks,20,0,
Sharing Tasklists,21,0,
Getting Help,23,0,