<TODOLIST>
	<UITHEME STYLE = "GLASS">

		<COLOR NAME = "APPBACKDARK"	R = "140" G = "165" B = "195"/>
		<COLOR NAME = "APPBACKLIGHT"	R = "165" G = "185" B = "225"/>
		<COLOR NAME = "APPLINES"	R = "140" G = "165" B = "195"/>
		<COLOR NAME = "MENUBACK"	R = "215" G = "225" B = "230"/>
		<COLOR NAME = "TOOLBARDARK"	R = "255" G = "245" B = "245"/>
		<COLOR NAME = "TOOLBARLIGHT"	R = "255" G = "245" B = "245"/>
		<COLOR NAME = "STATUSBARDARK"	R = "80" G = "120" B = "225"/>
		<COLOR NAME = "STATUSBARLIGHT"	R = "80" G = "120" B = "225"/>
<!--
		<COLOR NAME = "" R = "" G = "" B = ""/>
		<COLOR NAME = "" R = "" G = "" B = ""/>
		<COLOR NAME = "" R = "" G = "" B = ""/>
-->
	</UITHEME>
</TODOLIST>

