<TODOLIST>
	<UITHEME STYLE = "GRADIENT">

		<COLOR NAME = "APPBACKDARK"		R = "255" G = "255" B = "255"/>
		<COLOR NAME = "APPBACKLIGHT"	R = "255" G = "255" B = "255"/>
		<COLOR NAME = "APPLINES"		R = "255" G = "255" B = "255"/>
		<COLOR NAME = "MENUBACK"		R = "255" G = "255" B = "255"/>
		<COLOR NAME = "TOOLBARDARK"		R = "211" G = "230" B = "252"/>
		<COLOR NAME = "TOOLBARLIGHT"	R = "222" G = "237" B = "254"/>
		<COLOR NAME = "TOOLBARHOT"	R = "211" G = "230" B = "252"/>
		<COLOR NAME = "STATUSBARDARK"	R = "211" G = "230" B = "252"/>
		<COLOR NAME = "STATUSBARLIGHT"	R = "222" G = "237" B = "254"/>
<!--
		<COLOR NAME = "" R = "" G = "" B = ""/>
		<COLOR NAME = "" R = "" G = "" B = ""/>
		<COLOR NAME = "" R = "" G = "" B = ""/>
-->
	</UITHEME>
</TODOLIST>

